delta,overall_miou,invisible_miou,invisible_free_iou,pred_free_frac_invisible,gt_free_frac_invisible
-3.0,0.18432876381906044,0.08473998295624811,0.7842006131681505,0.7766912272166012,0.9772557288222546
-2.5,0.19079275801280488,0.08859855692194686,0.825541570790323,0.8198209969846811,0.9772557288222546
-2.0,0.19705764815770951,0.09242224288513085,0.856577817807565,0.852833198203016,0.9772557288222546
-1.5,0.20300171172502737,0.09610092277536048,0.8793067928266128,0.8774929894097548,0.9772557288222546
-1.0,0.20846742774707763,0.09963272976500026,0.8966909214476585,0.8967011642981043,0.9772557288222546
-0.5,0.2135539526662415,0.10306830517700091,0.9107873869653147,0.9125635993423663,0.9772557288222546
0.0,0.2182368240464386,0.10649087651570267,0.9227430547990683,0.926292821534418,0.9772557288222546
0.5,0.22242382183569673,0.10974103204350223,0.9331349055216839,0.9385363020768575,0.9772557288222546
1.0,0.22583183606263973,0.11269406008087102,0.9422963198175419,0.9496481067882205,0.9772557288222546
1.5,0.22806245958231997,0.11522683581941662,0.9503358531851981,0.9597533926080755,0.9772557288222546
2.0,0.22871897429955823,0.11703996358781994,0.9571826384813479,0.9687487621406385,0.9772557288222546
2.5,0.22725404096497545,0.11782560360987884,0.9627078111426464,0.9764001739935727,0.9772557288222546
3.0,0.22322596430966732,0.11732977541774542,0.966958501921572,0.9826114966327426,0.9772557288222546
